,0,1,2,3,4,5,6,7,8,9,10,11,12,13,14,15,16
0,Nathan Bronson,https://www.pornhub.com/pornstar/nathan-bronson,1233,944,526000000,https://ei.phncdn.com/pics/users/517/754/022/avatar1628546112/(m=eQJ6GCjadOf)(mh=GFTmTjKMcimBVKK2)200x200.jpg,True,False,,"['Sweet Sinner', 'Team Skeet', 'Adult Time']","{'Twitter': 'https://twitter.com/Nathan_Bronson', 'Amazon Wishlist': 'https://www.amazon.com/hz/wishlist/ls/2F1JLXH4RNMLP?ref_=wl_share', 'Instagram': 'https://www.instagram.com/nathanbronson6.6.6/'}","{'Relationship status': 'Taken', 'Interested in': 'Girls', 'City and Country': 'Los Angeles, US', 'Pornstar Profile Views': '3,388,255', 'Career Status': 'Active', 'Career Start and End': 'to                        Present', 'Gender': 'Male', 'Birth Place': 'California, United States of America', 'Star Sign': 'Scorpio', 'Measurements': '--', 'Height': '5 ft 9 in (175 cm)', 'Weight': '169 lbs (77 kg)', 'Ethnicity': 'White', 'Hair Color': 'Brunette', 'Tattoos': 'Yes', 'Piercings': 'Yes', 'Profile Views': '3,578,713', 'Videos Watched': '415'}",1151.0,1233.0,[1228],1191.0,22300.0
1,Anni Angel,https://www.pornhub.com/pornstar/anni-angel,1238,347,58700000,https://ei.phncdn.com/pics/users/u/001/112/400/561/avatar1579630680/(m=eQJ6GCjadOf)(mh=yeORIQzcCzj1u2CX)200x200.jpg,True,False,"About Anni Angel

                                    Ich bin Anni Angel aus dem sch√∂nen Norden von Deutschland. Im Jahr mache ich √ºber 100 Usertreffen und die kannst du nicht nur hier sehen sondern auch dabei sein! Wenn du Lust hast schreibe mir direkt auf Scout69 und wir machen dann was geiles!",['mydirtyhobby'],{'Official Site': 'https://allmylinks.com/anni-angel'},"{'Relationship status': 'Single', 'Interested in': 'Guys and Girls', 'City and Country': 'L√ºbeck, DE', 'Pornstar Profile Views': '6,522,245', 'Career Status': 'Active', 'Career Start and End': '2010                        to                        Present', 'Gender': 'Female', 'Birth Place': 'Neustadt in Holstein, Schleswig-Holstein, Germany', 'Star Sign': 'Capricorn', 'Measurements': '45D-25-44', 'Height': '5 ft 8 in (173 cm)', 'Weight': '132 lbs (60 kg)', 'Ethnicity': 'White', 'Background': 'German', 'Hair Color': 'Blonde', 'Eye Color': 'Blue', 'Fake Boobs': 'Yes', 'Tattoos': 'Yes', 'Piercings': 'Yes', 'Profile Views': '7,037,940', 'Videos Watched': '273'}",1182.0,1238.0,[1235],1123.0,71800.0
2,Giselle Palmer,https://www.pornhub.com/pornstar/giselle-palmer,1239,128,36900000,https://ei.phncdn.com/pics/users/851/597/121/avatar1557258425/(m=eQJ6GCjadOf)(mh=Qa6BpXkAY8eg-BYh)200x200.jpg,True,False,"Giselle Palmer is a hot slut with long blonde hair and a fresh face. Shes a Texas girl but without the traditional training other girls from that area have to keep their legs closed. Her natural 34D tits are quite impressive. Before porn she wasnt too slutty, but slutty enough that she had already  with 10 guys at the age of 22. However, she had been with many more girls before that since shes a bisexual cutie who prefers pussy to cock for serious dates. Cock is more just for fun! Shes never had a threesome but hopes that her porn prospects will open up such possibilities. She always wanted to do porn but she vowed to finish her college degree before doing so, to have something to fall back on, in case it didnt work out. So, now she has her degree in computational math, proving that shes really smart. > Giselle was camming before porn, which is where she really learned how to squirt. Now she knows how to make it happen anytime she wants. Turned on by passion, Giselle loves finding pornstars with whom she has good chemistry so that she can make the best possible porn scenes. Before porn, Giselle loved to watch BDSM smut, and now she hopes to experience it firsthand, but she only likes to be submissive to the right person. Hopefully shell figure that out and make some hot kinky smut soon!","['Twistys', 'Perv City', 'Brazzers']","{'Twitter': 'https://www.twitter.com/honky_tonkangel', 'Instagram': 'https://www.instagram.com/honky_tonkangel'}","{'Relationship status': 'Single', 'Interested in': 'Guys and Girls', 'City and Country': 'Los Angeles, CA, US', 'Pornstar Profile Views': '3,235,034', 'Career Status': 'Active', 'Career Start and End': 'to                        Present', 'Gender': 'Female', 'Birth Place': 'Texas, United States of America', 'Star Sign': 'Aquarius', 'Measurements': '34DD-27-38', 'Height': '5 ft 8 in (173 cm)', 'Weight': '134 lbs (61 kg)', 'Ethnicity': 'White', 'Hair Color': 'Blonde', 'Fake Boobs': 'No', 'Profile Views': '2,864,805', 'Videos Watched': '27'}",1263.0,1239.0,[1240],1177.0,51400.0
3,Lana Smalls,https://www.pornhub.com/pornstar/lana-smalls,1242,45,17700000,https://ei.phncdn.com/(m=eQJ6GCjadOf)(mh=eTpZ7cmrKaTsUNaa)fc014e47-d12a-4816-8f20-0b8437d544b3.jpg,True,False,"About Lana Smalls

                                    fucktoy with a heart <3 Only clips and trailers here, click my link for full vids!","['Princess Cum', 'Bratty Sis', 'Aggressive Porn']","{'Official Site': 'https://linktr.ee/cowgirlcummies', 'Twitter': 'https://www.twitter.com/lanasmallsxxx', 'Amazon Wishlist': 'https://www.amazon.com/hz/wishlist/ls/1VCN78UC5H7VH?ref_=wl_share', 'Instagram': 'https://www.instagram.com/lanasmalls'}","{'Relationship status': 'Single', 'Interested in': 'Guys and Girls', 'Pornstar Profile Views': '790,871', 'Career Status': 'Active', 'Career Start and End': 'to                        Present', 'Gender': 'Female', 'Measurements': '--', 'Profile Views': '919,327', 'Videos Watched': '38'}",1365.0,1242.0,[1241],1155.0,15400.0
4,Jade Venus,https://www.pornhub.com/pornstar/jade-venus,1244,150,48800000,https://ei.phncdn.com/(m=bLqDuhKlbyaT)(mh=qAPxLo8Cl-Ik0Puy)fb930ae2-dc9f-467f-99a8-d988ae1c709e.jpg,True,False,,"['Transfixed', 'Devils TGirls', 'GenderX Films']","{'Official Site': 'https://jadexvenus.com', 'Twitter': 'https://www.twitter.com/jadexvenus', 'Amazon Wishlist': 'https://www.amazon.com/hz/wishlist/ls/?ref_=navm_accountmenu_lists', 'Instagram': 'https://www.instagram.com/jadexvenus'}","{'Relationship status': 'Single', 'Interested in': 'Guys and Girls', 'City and Country': 'California, US', 'Pornstar Profile Views': '1,212,579', 'Career Status': 'Active', 'Career Start and End': 'to                        Present', 'Gender': 'Trans Woman', 'Measurements': '--', 'Turn Ons': 'BDSM, Roleplay, Group Sex, Orgy, Pegging, Toys, Oral', 'Profile Views': '1,290,205', 'Videos Watched': '94'}",1537.0,1244.0,[1239],1079.0,14300.0
5,Valentina Bellucci,https://www.pornhub.com/pornstar/valentina-bellucci,1246,124,36000000,https://ei.phncdn.com/(m=eQJ6GCjadOf)(mh=lCkM9GELhjtZUYE5)14cda1ae-0906-4890-8f88-40a7d44d7254.jpg,True,False,"About Valentina Bellucci

                                    Hi Guys, I am Valentina Bellucci. I'm originally from Europe, I grew up in Sicily and now I live in sunny Florida. I'm sure you can hear my accent which can be sexy and erotic or really dirty. 

Enjoy my hardcore and fetish videos and feel free to message me if you are interested in customs. I am a very sexual person, however, I also enjoy a quality conversation on any topic. Don't be afraid to share your deepest and craziest fantasies with me. I am here for you to make it happen. I promise we will have a lot of fun together and you won't be disappointed. 


Check out my Twitter: https://twitter.com/MrsValentinaXXX and 
OnlyFans https://onlyfans.com/mrsvalentinaxxx where I DM with all the fans every day.","['Step House XXX', 'ChickPass Amateurs', 'Evolved Fights']","{'Official Site': 'https://twitter.com/MrsValentinaXXX', 'Twitter': 'https://www.twitter.com/MrsValentinaXXX', 'Instagram': 'https://www.instagram.com/valentinasambabellucci'}","{'Relationship status': 'Taken', 'Interested in': 'Guys and Girls', 'City and Country': 'Florida, US', 'Pornstar Profile Views': '4,322,453', 'Career Status': 'Active', 'Career Start and End': '2020                        to                        Present', 'Gender': 'Couple', 'Measurements': '--', 'Height': '5 ft 6 in (168 cm)', 'Hair Color': 'Brunette', 'Eye Color': 'Black', 'Tattoos': 'No', 'Piercings': 'Yes', 'Interests and hobbies': 'I love to travel. Where do you think I should go to next?', 'Profile Views': '4,330,169', 'Videos Watched': '1,883'}",1312.0,1246.0,[1243],1332.0,34200.0
6,Dan Dangler,https://www.pornhub.com/pornstar/dan-dangler,1247,11,1800000,https://ei.phncdn.com/(m=bLqDuhKlbyaT)(mh=ym51lA-r4uN7Orsi)2262c2f7-59d8-463f-a7f5-94f47c841a8f.jpg,True,False,"About Dan Dangler

                                    27 years old. I stream on twitch! join my site by clicking on the link ‚û°Ô∏è‚û°Ô∏è  
i can't wait to turn the heat up daddy üòà DM me #GIMMIEDAN for a free anal scene!!",NA,"{'Official Site': 'https://onlyfans.com/thedandangler/c17', 'Twitter': 'https://www.twitter.com/thedandangler', 'Amazon Wishlist': 'https://www.amazon.com/hz/wishlist/ls/15X87QJRCFK9S?ref_=wl_share', 'Snapchat': 'https://www.snapchat.com/add/thedandangler', 'Instagram': 'https://www.instagram.com/thedandangler'}","{'Relationship status': 'Single', 'Interested in': 'Guys and Girls', 'City and Country': 'Los Angeles, US', 'Pornstar Profile Views': '480,350', 'Career Status': 'Active', 'Career Start and End': '2022                        to                        Present', 'Gender': 'Female', 'Measurements': 'DD--', 'Height': '5 ft 4 in (163 cm)', 'Weight': '130 lbs (59 kg)', 'Ethnicity': 'White', 'Background': 'German', 'Hair Color': 'Blonde', 'Eye Color': 'Brown', 'Tattoos': 'Yes', 'Piercings': 'Yes', 'Interests and hobbies': 'streaming\r\nsaving animals', 'Hometown': 'Detroit', 'Turn Ons': 'grabbing my hips', 'Turn Offs': 'none', 'Profile Views': '480,259', 'Videos Watched': '13'}",1549.0,1247.0,[1236],2403.0,3900.0
7,Mina Von D,https://www.pornhub.com/pornstar/mina-von-d,1249,45,27300000,https://ei.phncdn.com/pics/users/u/002/100/877/471/avatar1631573535/(m=eQJ6GCjadOf)(mh=CuBVXdyNVhRQu-Xx)200x200.jpg,True,False,"About Mina Von D

                                    La fruta prohibida...me la com√≠ yo.
Fantas√≠a sin l√≠mitesü§´ üî•üí¶","['Brazzers', 'BaDoinkVR', 'Fit 18']","{'Official Site': 'https://onlyfans.com/minivamp', 'Twitter': 'https://www.twitter.com/minivampp', 'Instagram': 'https://www.instagram.com/minivampp'}","{'Relationship status': 'Single', 'Interested in': 'Guys and Girls', 'City and Country': 'Espa√±a, ES', 'Pornstar Profile Views': '2,864,190', 'Career Status': 'Active', 'Career Start and End': 'to                        Present', 'Gender': 'Female', 'Measurements': '--', 'Profile Views': '2,885,342', 'Videos Watched': '64'}",1393.0,1249.0,[1254],1267.0,24200.0
8,Maricachanelle,https://www.pornhub.com/pornstar/marica-chanelle,1251,61,24000000,https://ei.phncdn.com/pics/users/566/357/631/avatar1572429665/(m=eQJ6GCjadOf)(mh=p_h0YEhLs1FdwDvS)200x200.jpg,True,False,"About Maricachanelle

                                    You can find all my videos on manyvids maricachanelle","['Pinko Club', 'Private', 'Brazzers']","{'Twitter': 'https://www.twitter.com/maricachanelle', 'Amazon Wishlist': 'https://www.amazon.it/hz/wishlist/ls/2NPCCPAXZD4GJ', 'Snapchat': 'https://www.snapchat.com/add/maricachanelle', 'Instagram': 'https://www.instagram.com/maricachanelreal'}","{'Relationship status': 'Single', 'Pornstar Profile Views': '1,926,367', 'Career Status': 'Active', 'Career Start and End': '2018                        to                        Present', 'Gender': 'Female', 'Birth Place': 'Vicenza, Veneto, Italy', 'Star Sign': 'Virgo', 'Measurements': '34E--', 'Height': '5 ft 9 in (175 cm)', 'Weight': '133 lbs (60 kg)', 'Ethnicity': 'White', 'Background': 'Italian', 'Hair Color': 'Blonde', 'Eye Color': 'Grey', 'Fake Boobs': 'No', 'Tattoos': 'Yes', 'Piercings': 'Yes', 'Profile Views': '2,157,530', 'Videos Watched': '23'}",1213.0,1251.0,[1253],1217.0,32000.0
9,Amber Stark,https://www.pornhub.com/pornstar/amber-stark,1252,17,18400000,https://ei.phncdn.com/(m=bLqDuhKlbyaT)(mh=ikVvwTrgBsQRAVqB)f99eef7c-8d15-4a05-b48e-d5aa04c3768f.jpg,True,False,"About Amber Stark

                                    Hi, I‚Äôm Amber Stark! I‚Äôm a 22 year old college student who does porn on the side for fun ;) come hang out with me!","['Step Siblings Caught', 'Jays POV', 'Brazzers']","{'Official Site': 'https://linktr.ee/amberstarkx', 'Twitter': 'https://www.twitter.com/amberstarkxxx', 'Instagram': 'https://www.instagram.com/amberstarksx'}","{'Relationship status': 'Single', 'Interested in': 'Guys and Girls', 'City and Country': 'phoenix, US', 'Pornstar Profile Views': '1,137,437', 'Career Status': 'Active', 'Career Start and End': 'to                        Present', 'Gender': 'Female', 'Measurements': '--', 'Profile Views': '1,137,400', 'Videos Watched': '14'}",1403.0,1252.0,[1230],777.0,14000.0
10,Caitlin Bell,https://www.pornhub.com/pornstar/caitlin-bell,1255,101,31200000,https://ei.phncdn.com/(m=bLqDuhKlbyaT)(mh=GJU_a6jPdLT-8Fx3)1a0a3548-58ab-4bfa-a797-e1a9cf971e5e.jpg,True,False,"About Caitlin Bell

                                    Hello my sweeties‚ù§Ô∏è. I am Sexy Blonde Bombshell and I really love watching and making porn.  I want to make you cum in so many ways while you adore my gorgeous figure. ‚ù§Ô∏èIf you like my videos and want to help support new content, you can please me with a gift at this link:
‚ù§Ô∏èhttps://onlywishlist.com/u/caitlinbell‚ù§Ô∏è
Also subscribe to my OnlyFans:
‚ù§Ô∏èhttps://onlyfans.com/Caitlinisnaughty‚ù§Ô∏è - üí£ I will fulfill all of your fantasies there and now on UNFILTRD www.unfiltrd.com/CaitlinBellXXXüí£
‚ô•Ô∏è Custom Videos and pics ‚ô•Ô∏è
‚≠êÔ∏è Daily uploads ‚≠êÔ∏è
üì± Sexting Packages
üçÜ Dick Ratings
üòªFetish friendly
üí¶ Masturbation
üíã Solo Content with toys
üé•Video Calls			
Live Streams on Unfiltrd.com	
Follow on Instagram: @officialcaitlinbell","['Adult Time', 'Virtual Porn', 'Brazzers']","{'Official Site': 'https://onlyfans.com/caitlinisnaughty', 'Twitter': 'https://www.twitter.com/@caitlinbellxxx', 'Instagram': 'https://www.instagram.com/@officialcaitlinbell'}","{'Relationship status': 'Single', 'Interested in': 'Guys and Girls', 'City and Country': 'Los Angeles, US', 'Pornstar Profile Views': '1,200,848', 'Career Status': 'Active', 'Career Start and End': 'to                        Present', 'Gender': 'Female', 'Measurements': '--', 'Ethnicity': 'Latin', 'Interests and hobbies': 'Girl on Girl, Toys, Hard cock, and Fitness', 'Turn Ons': 'All of my fans getting off to my content ‚ù§Ô∏è', 'Turn Offs': 'Rude people.', 'Profile Views': '1,200,743', 'Videos Watched': '152'}",1387.0,1255.0,[1248],1184.0,12300.0
11,Theodora Day,https://www.pornhub.com/pornstar/theodora-day,1259,55,27800000,https://ei.phncdn.com/(m=bLqDuhKlbyaT)(mh=g7lWimPbm4lAApqf)2ce5e9bd-7d45-45e6-9e6f-3d3854cc22d2.jpg,True,False,"About Theodora Day

                                    find me everywhere :) twitter @theodoradayyy","['MOFOS', 'Nubile Films', 'Sweetheart Video']","{'Official Site': 'https://onlyfans.com/theodoraday', 'Twitter': 'https://www.twitter.com/TheodoraDaytv', 'Amazon Wishlist': 'https://www.amazon.com/hz/wishlist/ls/39IFXEJBFSLX2?ref=cm_sw_sm_r_wl_ip_DVJVqpLa09V3M', 'Snapchat': 'https://www.snapchat.com/add/thehotstepsis', 'Instagram': 'https://www.instagram.com/theodoradayyy'}","{'Relationship status': 'Single', 'Interested in': 'Guys and Girls', 'City and Country': 'Los Angeles, US', 'Pornstar Profile Views': '1,082,307', 'Career Status': 'Active', 'Career Start and End': '2020                        to                        Present', 'Gender': 'Female', 'Measurements': '32B--', 'Height': '5 ft 1 in (155 cm)', 'Weight': '106 lbs (48 kg)', 'Ethnicity': 'White', 'Hair Color': 'Blonde', 'Eye Color': 'Blue', 'Fake Boobs': 'No', 'Tattoos': 'Yes', 'Piercings': 'Yes', 'Interests and hobbies': 'Yoga + Working out', 'Turn Ons': 'Ask me on onlyfans to find out', 'Turn Offs': 'Nothing turns me off, I‚Äôm always ready to play', 'Profile Views': '1,433,516', 'Videos Watched': '153'}",1209.0,1259.0,[1279],909.0,20500.0
12,Jaclyn Taylor,https://www.pornhub.com/pornstar/jaclyn-taylor,1260,120,146000000,https://ei.phncdn.com/pics/users/217/708/671/avatar1478139062/(m=eQJ6GCjadOf)(mh=rONFhu8LuhbjjVZQ)200x200.jpg,True,False,"Jaclyn Taylor is a 5-foot-3-inch bombshell with beautiful black hair and a pair of giant 34DD knockers, as well as a tiny 25-inch waist and a cute 31-inch ass. She entered the porn business at age 27 and is glad to have gotten a late start. Before doing porn movies she modeled for Playboy, which was a gateway to her getting completely sexified on camera. The job gave her a big rush of confidence and adrenaline, so she decided to delve further into adult work. A self-identified submissive, Jaclyn loves to receive rough sex and be controlled. She loves getting pushed around and following orders. She also loves being a pornstar because she gets to live out a new fantasy every day. Shes very grateful to have a cool job that most people can only dream of. Jaclyn idolizes longtime superstars of the business and, like them, hopes to build an empire. > Jaclyn has some celebrity crushes. She would totally bone Kim Kardashian if she could. She also loves David Beckham and Jared Leto. That sounds like one hell of a group sex foursome! Jaclyn really wants to do anal on film but is still organizing her first scene, which is sure to end up on Pornhub. She wants to work with such pornstar idols as Adriana Chechik, Asa Akira and Manuel Ferrara. Hopefully all of her pornstar dreams come true!","['PUBA', 'Reality Kings', 'Nuru Massage']",NA,"{'Relationship status': 'Single', 'Interested in': 'Guys and Girls', 'City and Country': 'L.A, US', 'Pornstar Profile Views': '5,977,539', 'Career Status': 'Active', 'Career Start and End': '2014                        to                        Present', 'Gender': 'Female', 'Birth Place': 'New Jersey, United States of America', 'Star Sign': 'Aquarius', 'Measurements': '34DD-25-31', 'Height': '5 ft 3 in (160 cm)', 'Weight': '110 lbs (50 kg)', 'Ethnicity': 'White', 'Hair Color': 'Brunette', 'Fake Boobs': 'Yes', 'Interests and hobbies': 'Surfing, traveling, shopping, hanging with my dog oliver.', 'Turn Ons': 'Huge turn ons for me, are confidence, Man or Woman, you must be confident, and be sure of yourself.  Big feet is a plus ;)', 'Turn Offs': 'Cockiness, is a MAJOR turn off.', 'Profile Views': '5,271,887', 'Videos Watched': '27'}",1239.0,1260.0,[1262],1199.0,67900.0
13,Luiza Marcato,https://www.pornhub.com/pornstar/luiza-marcato,1261,92,1700000,https://ei.phncdn.com/(m=bLqDuhKlbyaT)(mh=1pmyufcRnx1cCpsn)a4efee86-e1b4-47e2-89e2-629796f1997b.jpg,True,False,"About Luiza Marcato

                                    Criadora de conte√∫do adulto. Veja mais no www.onlyfans.com/luizamarcato",NA,"{'Official Site': 'https://www.luizamarcato.com.br', 'Twitter': 'https://www.twitter.com/luizamarcatoof', 'Instagram': 'https://www.instagram.com/luizamarcatoof'}","{'Relationship status': 'Single', 'Interested in': 'Guys and Girls', 'City and Country': 'Florian√≥polis, BR', 'Pornstar Profile Views': '296,797', 'Career Status': 'Active', 'Career Start and End': 'to                        Present', 'Gender': 'Female', 'Measurements': '--', 'Profile Views': '841,820', 'Videos Watched': '161'}",1271.0,1261.0,[1311],2118.0,8600.0
14,Carmen Caliente,https://www.pornhub.com/pornstar/carmen-caliente,1264,240,90100000,https://ei.phncdn.com/pics/users/239/951/332/avatar1571438221/(m=eQJ6GCjadOf)(mh=-mw4g-jVoc8na7nj)200x200.jpg,True,False,"You may have heard about the book adapted to film, ""The Boys From Brazil‚Äù, which might be about scientists or something, but when it comes to the Girls from Brazil, they don‚Äôt need scientists to create a super woman, because those babes have all the awesome booty power naturally. We‚Äôre talking about Carmen Caliente, the fresh piece of Brazilian fuck meat from Sao Paulo with an ass that can twerk its way to the top of a butt-shaking competition with the heaviest-set Ebony babes behind her. Carmen is a young White chick from Brazil with a cute face and an adorable gap between her teeth which makes the perfect cum target for money-shots. Her figure is light and her tits are perky mediums, but what this girl packs as her secret weapon is that magnificent ass. Carmen‚Äôs backdoor control is simply incredible to watch. Whether she‚Äôs doing softcore girl-on-girl erotica, or heavy-hitting S&M style hardcore, her ass always gets her fuck partners in such a state as to lose control. Carmen manages to keep her innocent teen looks, despite the fact that this girl is far from innocent. In no time at all, she‚Äôs gone from just another Brazilian cock-hungry slut to being one of AVN‚Äôs Trophy Girls for Best New Starlet and a One to Watch. Having worked with studios like Elegant Angel and Evil Angel, this girl is going to be sitting her juicy tush on a growing pile of porno success.","['Team Skeet', 'Reality Kings', 'Pornstar Method']","{'Official Site': 'https://onlyfans.com/carmencalixxx', 'Twitter': 'https://www.twitter.com/Carmencalixxx', 'Amazon Wishlist': 'https://www.amazon.com/hz/wishlist/ls/25A3ERX75VT7', 'Snapchat': 'https://www.snapchat.com/add/fancentro.com/carmencaliente', 'Instagram': 'https://www.instagram.com/Officialcarmencaliente'}","{'Relationship status': 'Single', 'Interested in': 'Guys and Girls', 'City and Country': 'Los Angeles, US', 'Pornstar Profile Views': '3,377,305', 'Career Status': 'Active', 'Career Start and End': '2013                        to                        Present', 'Gender': 'Female', 'Birth Place': 'Tampa, Florida, United States of America', 'Star Sign': 'Virgo', 'Measurements': '34B-25-42', 'Height': '5 ft 7 in (170 cm)', 'Weight': '161 lbs (73 kg)', 'Ethnicity': 'Latin', 'Hair Color': 'Blonde', 'Fake Boobs': 'No', 'Tattoos': 'Yes', 'Piercings': 'Yes', 'Interests and hobbies': 'Twerking, Smoking weed, Reading , Skateboarding, being in the water, hikes,', 'Turn Ons': 'Good Hygiene, thick hair , big hands , big dicks , muscles lol', 'Turn Offs': 'bad hygiene, bad breath, too hairy , shaved legs on a guy,', 'Profile Views': '4,276,525', 'Videos Watched': '39'}",1310.0,1264.0,[1251],1071.0,70400.0
15,Candy Alexa,https://www.pornhub.com/pornstar/candy-alexa,1266,278,111000000,https://ei.phncdn.com/pics/users/323/150/851/avatar1594250719/(m=eQJ6GCjadOf)(mh=q9tBO6wKWcIDmIJQ)200x200.jpg,True,False,"About Candy Alexa

                                    Hello everyone. Glad to welcome you to my page. Thanks to all my subscribers who follow my work and praise them, I am really very pleased that I do what you like. I read and see all your messages, but unfortunately I can't always answer them. I gladly answer you when there is a minute, many have already checked it. I look forward to new subscribers on my Pornhub pages, Instagram @yourcandyalexa and of course OnlyFans onlyfans.com/yourcandyalexa. Kiss you","['Private', 'Only 3X', 'Steven Shame']","{'Official Site': 'https://onlyfans.com/yourcandyalexa/c3', 'Twitter': 'https://www.twitter.com/yourcandyalexa', 'Instagram': 'https://www.instagram.com/yourcandyalexa'}","{'Relationship status': 'Single', 'Interested in': 'Guys and Girls', 'City and Country': 'Budapest, HU', 'Pornstar Profile Views': '3,867,563', 'Career Status': 'Active', 'Career Start and End': '2008                        to                        Present', 'Gender': 'Female', 'Birth Place': 'Russia', 'Star Sign': 'Cancer', 'Measurements': '36E-25-36', 'Height': '5 ft 6 in (168 cm)', 'Weight': '111 lbs (50 kg)', 'Ethnicity': 'White', 'Background': 'Russian', 'Hair Color': 'Blonde', 'Eye Color': 'Blue', 'Fake Boobs': 'No', 'Tattoos': 'Yes', 'Piercings': 'Yes', 'Profile Views': '3,607,283', 'Videos Watched': '369'}",1159.0,1266.0,[1283],1197.0,46600.0
16,Charlotte Star,https://www.pornhub.com/pornstar/charlotte-star,1267,51,9000000,https://ei.phncdn.com/pics/users/065/274/701/avatar1599121432/(m=eQJ6GCjadOf)(mh=mpzmgNYM_CKCCGgK)200x200.jpg,True,False,"About Charlotte Star

                                    Australian ""Girl Next Door"" Adult Actress and Model,
Covergirl for over 20 Mens Mags, 
Multi Adult Award Winner","['Southern Sins', 'Yanks', 'Fantasy Massage']","{'Official Site': 'https://onlyfans.com/charlottestar5', 'Twitter': 'https://mobile.twitter.com/CharlotteStar5', 'Amazon Wishlist': 'https://www.amazon.com.au/hz/wishlist/ls/SM9KYCR3RJSO?ref_=wl_share', 'Instagram': 'https://www.instagram.com/charlettebree/'}","{'Relationship status': 'Taken', 'City and Country': 'Sydney, AU', 'Pornstar Profile Views': '2,956,472', 'Career Status': 'Active', 'Career Start and End': '2016                        to                        Present', 'Gender': 'Female', 'Birth Place': 'New South Wales, Australia', 'Star Sign': 'Gemini', 'Measurements': '32E--', 'Height': '5 ft 9 in (175 cm)', 'Weight': '115 lbs (52 kg)', 'Ethnicity': 'White', 'Background': 'Australian', 'Hair Color': 'Brunette', 'Eye Color': 'Hazel', 'Fake Boobs': 'Yes', 'Tattoos': 'Yes', 'Piercings': 'Yes', 'Interests and hobbies': 'Watching Anime, Modelling, Creating Content, Mario Kart 8, Yoga', 'Turn Ons': 'Humour and Nipple Stimulation!', 'Turn Offs': 'Fuck Boys', 'Profile Views': '3,418,338', 'Videos Watched': '86'}",1457.0,1267.0,[1273],1571.0,57900.0
17,Artemisia Love,https://www.pornhub.com/pornstar/artemisia-love,1270,465,73900000,https://ei.phncdn.com/(m=bLqDuhKlbyaT)(mh=vrrOk5g6w6lhVq71)e8837ed2-9e2f-41da-851b-3bee38577765.jpg,True,False,"About Artemisia Love

                                    Remember to subscribe and support with likes and comments!‚≠êÔ∏èI chat and reply to DMs only on my OnlyFans @ ArtemisiaLove101 and on SextPanther üòä‚ù§Ô∏è
TWITTER:ArtemisiaLove9 INSTAGRAM:ArtemisiaLove9
TIKTOK:ArtemisiaLove9
CLAPPER: ArtemisiaLove 
SNAPCHAT: ArtemisiaLove","['MYLF', 'Mommy Blows Best', 'Family Swap XXX']","{'Official Site': 'https://onlyfans.com/artemisialove101', 'Twitter': 'https://www.twitter.com/ArtemisiaLove9', 'Snapchat': 'https://www.snapchat.com/add/artemisialove?sender_web_id=5538209f-d3ac-4243-90b8-6796b4b5f97d&device_type=desktop&is_copy_url=true'}","{'Relationship status': 'Single', 'Interested in': 'Guys and Girls', 'City and Country': 'Sephiro, US', 'Pornstar Profile Views': '9,419,536', 'Career Status': 'Active', 'Career Start and End': '2020                        to                        Present', 'Gender': 'Female', 'Measurements': 'D-32-', 'Height': '5 ft 10 in (178 cm)', 'Ethnicity': 'White', 'Background': 'Italian', 'Hair Color': 'Brunette', 'Eye Color': 'Green', 'Tattoos': 'No', 'Piercings': 'Yes', 'Interests and hobbies': 'Pussy and eating pussyüòõ Girls HMU üòà', 'Turn Ons': 'Being chased and spoiled', 'Turn Offs': 'Selfishness, people that ask me for free content', 'Profile Views': '9,644,737', 'Videos Watched': '673'}",1260.0,1270.0,[1264],1105.0,71900.0
18,Victoria Summers,https://www.pornhub.com/pornstar/victoria-summers,1271,175,58300000,https://ei.phncdn.com/(m=bLqDuhKlbyaT)(mh=I_YotoV8CZmPCMpw)b43a2526-9494-46c8-8618-a7d4f1966565.jpg,True,False,Hi I‚Äôm Victoria Summers your favourite British porn star! Come check out all of my HOT NEW XXX content¬†????¬†I have so much filth to offer you! Enjoy some of my clips that‚Äôs are available to purchase in full. Come chat with me I can‚Äôt wait to to get to know you and drain your balls!,"['Fake Taxi', 'Killergram', 'Porn-UK']","{'Twitter': 'https://www.twitter.com/x_summers', 'Instagram': 'https://www.instagram.com/victoriasummers_xoxo'}","{'Relationship status': 'Single', 'Interested in': 'Guys and Girls', 'Pornstar Profile Views': '4,046,987', 'Career Status': 'Active', 'Career Start and End': 'to                        Present', 'Gender': 'Female', 'Birth Place': 'Molesy, England, United Kingdom', 'Star Sign': 'Cancer', 'Measurements': '36F-26-37', 'Height': '5 ft 5 in (165 cm)', 'Weight': '126 lbs (57 kg)', 'Ethnicity': 'White', 'Hair Color': 'Brunette', 'Fake Boobs': 'Yes', 'Piercings': 'Yes', 'Profile Views': '653,398', 'Videos Watched': '9'}",1282.0,1271.0,[1271],1301.0,38400.0
19,Chelsea Vegas,https://www.pornhub.com/pornstar/chelsea-vegas,1272,107,44900000,https://ei.phncdn.com/(m=bLqDuhKlbyaT)(mh=ypZms07FrUZc8IGm)af3d29dd-5396-4db7-a1bf-90873f56cd10.jpg,True,False,"About Chelsea Vegas

                                    BJ University Doctoral of Felatio ‚ô°
I came here to suck cock and chew bubblegum... and I'm all out of bubblegum ‚ô°
$ChelseaVegas ‚ô°
onlyfans.com/chelseavegas","['True Amateurs', 'SPICEVIDS', 'Brazzers']","{'Twitter': 'https://www.twitter.com/@chelseavegasx', 'Instagram': 'https://www.instagram.com/chelseaofvegas'}","{'Relationship status': 'Open', 'Interested in': 'Guys and Girls', 'City and Country': 'Wish I Was In Vegas, US', 'Pornstar Profile Views': '5,527,878', 'Career Status': 'Active', 'Career Start and End': '2012                        to                        Present', 'Gender': 'Female', 'Birth Place': 'United States of America', 'Star Sign': 'Scorpio', 'Measurements': '36DD--', 'Height': '5 ft 7 in (170 cm)', 'Ethnicity': 'White', 'Background': 'American', 'Hair Color': 'Blonde', 'Eye Color': 'Green', 'Fake Boobs': 'Yes', 'Tattoos': 'Yes', 'Piercings': 'Yes', 'Interests and hobbies': 'Sucking cocks, dicks, schlongs, dongs, wieners, dildos and any other penis like objects.', 'Profile Views': '6,623,149', 'Videos Watched': '453'}",1225.0,1272.0,[1277],1215.0,110000.0
20,Josie Tucker,https://www.pornhub.com/pornstar/josie-tucker,1273,23,14900000,https://ei.phncdn.com/(m=bLqDuhKlbyaT)(mh=-Q0jYMkSlGmSfZqa)b249cfc4-8e6b-4c43-8e6d-67517db0e962.jpg,True,False,,"['Girls Gone Wild', 'Reality Kings', 'Bang Bros Network']",NA,"{'Relationship status': 'Single', 'Interested in': 'Guys and Girls', 'City and Country': 'Seattle, US', 'Pornstar Profile Views': '663,789', 'Career Status': 'Active', 'Career Start and End': 'to                        Present', 'Gender': 'Female', 'Measurements': '--', 'Profile Views': '663,746', 'Videos Watched': '14'}",1740.0,1273.0,[1256],996.0,6300.0
21,Dakota Burns,https://www.pornhub.com/pornstar/dakota-burns,1277,27,26700000,https://ei.phncdn.com/pics/users/u/001/875/665/601/avatar1599184715/(m=eQJ6GCjadOf)(mh=rnUJ1ko2e6KYHtgF)200x200.jpg,True,False,,"['Team Skeet', 'Daughter Swap', 'MOFOS']",NA,"{'Relationship status': 'Single', 'Interested in': 'Guys and Girls', 'Pornstar Profile Views': '818,733', 'Career Status': 'Active', 'Career Start and End': '2020                        to                        Present', 'Gender': 'Female', 'Measurements': '--', 'Height': '5 ft 1 in (155 cm)', 'Weight': '100 lbs (45 kg)', 'Ethnicity': 'White', 'Background': 'American', 'Eye Color': 'Green', 'Fake Boobs': 'No', 'Tattoos': 'Yes', 'Piercings': 'Yes', 'Profile Views': '511,057', 'Videos Watched': '200'}",1552.0,1277.0,[1238],1285.0,13800.0
22,Kesha Ortega,https://www.pornhub.com/pornstar/kesha-ortega,1278,92,44900000,https://ei.phncdn.com/pics/pornstars/000/251/891/(m=lciuhQditqM6G6WgaaaaGb_c)(mh=drmUnFez9j-v25ht)thumb_702421.jpg,True,False,NA,NA,NA,NA,1210.0,1279.0,[],1342.0,70300.0
23,Shione Cooper,https://www.pornhub.com/pornstar/shione-cooper,1279,143,106000000,https://ei.phncdn.com/pics/users/u/002/053/554/922/avatar1612616625/(m=eQJ6GCjadOf)(mh=4kDMAZf5RLAMs43o)200x200.jpg,True,False,"Most people think babes from Eastern Europe are hot, but also kind of cold, though maybe a bit too skinny, but that‚Äôs not the case with Shione Cooper. She‚Äôs a gorgeous chunky super honey with a floppy pair of monstrous tits and a rippling big fat ass. Shione is a nice warm piece of fuck flesh, but it isn‚Äôt just her body that‚Äôs soft and plushy like a living doll. Shione has a fun-loving personality, uncharacteristic of other Slavic sluts. When Shione knows it‚Äôs almost time to get her face slapped with a dick before she gets to go scrote-to-chin, the smile on this girl‚Äôs face extends from east to west. With jet black hair, often in a skimpy ponytail or teeny pigtails, and with huge eyes that scream for cock, she‚Äôs still got that young and crazy Czech sex appeal. Even though her English language skills aren‚Äôt quite Oxford quality, this girl can easily communicate the important stuff with her hands, mouth, pussy and ass. Dicks from any country know exactly what she wants. Shione also takes some time away from boner banging to get nose-deep in some pussy loving. Seeing Shione on top in a lesbian 69, smothering her girlfriend with her round mound of white ass, is an instant eye boner. Having worked with studios from both sides of the Atlantic, Shione has all the international tricks of the jerk-off trade.","['Busty World', 'Homegrown Video', 'VIPissy']","{'Official Site': 'https://onlyfans.com/shionecooper', 'Twitter': 'https://www.twitter.com/__shionecooper', 'Instagram': 'https://www.instagram.com/shionecooper_87'}","{'Relationship status': 'Single', 'Interested in': 'Guys and Girls', 'City and Country': 'Czech, CZ', 'Pornstar Profile Views': '6,141,452', 'Career Status': 'Active', 'Career Start and End': '2009                        to                        Present', 'Gender': 'Female', 'Birth Place': 'Czech Republic', 'Star Sign': 'Gemini', 'Measurements': '40F-27-35', 'Height': '5 ft 8 in (173 cm)', 'Weight': '137 lbs (62 kg)', 'Ethnicity': 'White', 'Hair Color': 'Black', 'Fake Boobs': 'No', 'Piercings': 'Yes', 'Profile Views': '1,176,588', 'Videos Watched': '115'}",1311.0,1282.0,[1294],1286.0,39000.0
24,Lady Bug,https://www.pornhub.com/pornstar/lady-bug,1282,202,82900000,https://ei.phncdn.com/pics/users/806/961/412/avatar1612848701/(m=eQJ6GCjadOf)(mh=92wSK7SNKZJoohAV)200x200.jpg,True,False,"About Lady Bug

                                    I¬¥m shy but playful","['Massage Rooms', 'Lesbea', 'Porn World']","{'Twitter': 'https://twitter.com/LadyBug_porn', 'Instagram': 'https://www.instagram.com/ladybugcz.official/'}","{'Relationship status': 'Open', 'Interested in': 'Guys and Girls', 'City and Country': 'Prague, CZ', 'Pornstar Profile Views': '2,511,309', 'Career Status': 'Active', 'Career Start and End': '2016                        to                        Present', 'Gender': 'Female', 'Birth Place': 'Czech Republic', 'Star Sign': 'Virgo', 'Measurements': '30B-24-36', 'Height': '5 ft 0 in (152 cm)', 'Weight': '109 lbs (49 kg)', 'Ethnicity': 'White', 'Background': 'Czech', 'Hair Color': 'Blonde', 'Eye Color': 'Blue', 'Fake Boobs': 'No', 'Tattoos': 'Yes', 'Piercings': 'No', 'Profile Views': '2,636,729', 'Videos Watched': '93'}",676.0,1283.0,[1276],2099.0,8700.0
25,Giada Suicide,https://www.pornhub.com/pornstar/giada-suicide,1283,28,2700000,https://ei.phncdn.com/pics/users/u/001/790/735/211/avatar1629833694/(m=eQJ6GCjadOf)(mh=2oH0zGizJfLjZOp5)200x200.jpg,True,False,"About Giada Suicide

                                    I am only a Porn Actress that love doing anal","['Fake Taxi', 'First Class POV', 'Got Filled']","{'Official Site': 'https://linktr.ee/giadasg?utm_source=linktree_profile_share&ltsid=d2b496a2-698b-468d-895b-244be7d6bdde', 'Twitter': 'https://www.twitter.com/GiadaXSGX', 'Instagram': 'https://www.instagram.com/giada_sg_official'}","{'Relationship status': 'Single', 'Interested in': 'Guys and Girls', 'Pornstar Profile Views': '555,425', 'Career Status': 'Active', 'Career Start and End': '2020                        to                        Present', 'Gender': 'Female', 'Measurements': '28B--', 'Height': '5 ft 3 in (160 cm)', 'Weight': '110 lbs (50 kg)', 'Ethnicity': 'White', 'Background': 'Italian', 'Hair Color': 'Red', 'Eye Color': 'Green', 'Fake Boobs': 'No', 'Tattoos': 'Yes', 'Piercings': 'Yes', 'Profile Views': '570,085', 'Videos Watched': '30'}",1343.0,1284.0,[2182],827.0,24800.0
26,Alina Ali,https://www.pornhub.com/pornstar/alina-ali,1284,77,45600000,https://ei.phncdn.com/pics/users/u/001/720/903/291/avatar1618218849/(m=eQJ6GCjadOf)(mh=MG5UmDPl9_112yL3)200x200.jpg,True,False,"About Alina Ali

                                    Twitter: @TheAlinaAliXXX		
instagram: theofficialalinaalix","['Reality Kings', 'Bang Bros Network', 'My Pervy Family']","{'Twitter': 'https://www.twitter.com/thealinaalixxx', 'Instagram': 'https://www.instagram.com/theofficialalinaalix'}","{'Relationship status': 'Single', 'Interested in': 'Guys and Girls', 'City and Country': 'New Orleans, LA, US', 'Pornstar Profile Views': '2,483,707', 'Career Status': 'Active', 'Career Start and End': 'to                        Present', 'Gender': 'Female', 'Measurements': '--', 'Profile Views': '2,483,155', 'Videos Watched': '11'}",1401.0,1285.0,[1286],1128.0,5600.0
27,Diana Rius,https://www.pornhub.com/pornstar/diana-rius,1285,13,5900000,https://ei.phncdn.com/(m=bLqDuhKlbyaT)(mh=xeJ0raobJcN9wyK8)0503dede-b58a-4c44-af87-4ae8716cd376.jpg,True,False,,"['LetsDoeIt', 'Love Her Boobs', 'Fake Taxi']","{'Official Site': 'https://onlyfans.com/dianariusx', 'Twitter': 'https://www.twitter.com/DianaRiussX', 'Snapchat': 'https://www.snapchat.com/add/dianariussx', 'Instagram': 'https://www.instagram.com/Dianariussx'}","{'Relationship status': 'Single', 'Interested in': 'Guys and Girls', 'City and Country': 'Barcelona, ES', 'Pornstar Profile Views': '419,211', 'Career Status': 'Active', 'Career Start and End': '2018                        to                        Present', 'Gender': 'Female', 'Measurements': '36D--', 'Height': '5 ft 5 in (165 cm)', 'Ethnicity': 'White', 'Background': 'Spanish', 'Hair Color': 'Black', 'Eye Color': 'Brown', 'Fake Boobs': 'No', 'Tattoos': 'No', 'Piercings': 'No', 'Profile Views': '423,267', 'Videos Watched': '33'}",1227.0,1286.0,[1309],815.0,65000.0
28,Ryan Ryans,https://www.pornhub.com/pornstar/ryan-ryans,1286,91,88400000,https://ei.phncdn.com/pics/users/513/986/382/avatar1523978919/(m=eQJ6GCjadOf)(mh=b0b1q8rvevAEaxaq)200x200.jpg,True,False,"With her long, golden brown hair, supermodel looks, hazel eyes, and a body that‚Äôll ruin you for every other woman, Ryan Ryans will, without a doubt, blow both your mind and your load. Born in 1990 and raised in Florida, she migrated to the West Coast because she knows that she‚Äôs hot shit! Ryan‚Äôs well aware that she deserves to be worshipped by every one of the world‚Äôs horny porn fans. An experienced bisexual, Ryan loves that she‚Äôs got her dream job of getting paid to play with hot women. Since getting into the adult industry in 2014, she‚Äôs been a Penthouse Pet, a Twisty‚Äôs Treat, and a Hustler Honey. Ryan is a softcore specialist and only performs girl/girl, light bondage, and solo videos, but thanks to her zeal for pussy and blatant lust for fucking, her videos are all modern masterpieces. Ryan hates it when chicks fake orgasms, so she‚Äôll pleasure that pussy until the lucky gal explodes; she‚Äôs dedicated to getting each and every one of her partners off in every scene she shoots. Ryan‚Äôs also got plenty of hobbies and interests. She can play the violin and has her 2nd-degree black belt in Taekwondo. We‚Äôll have to take her word for it, ‚Äòcause we‚Äôre too busy watching clips of Ryan performing her favorite hobby, pussy eating, to check out anything else.","['Twistys', 'I Kiss Girls', 'Girlsway']",NA,"{'Relationship status': 'Open', 'Interested in': 'Guys and Girls', 'City and Country': 'los angeles, US', 'Pornstar Profile Views': '7,771,003', 'Career Status': 'Active', 'Career Start and End': '2014                        to                        Present', 'Gender': 'Female', 'Birth Place': 'United States of America', 'Star Sign': 'Pisces', 'Measurements': '34D-24-34', 'Height': '5 ft 6 in (168 cm)', 'Weight': '121 lbs (55 kg)', 'Ethnicity': 'White', 'Hair Color': 'Blonde|Brunette', 'Fake Boobs': 'Yes', 'Tattoos': 'Yes', 'Interests and hobbies': ""I LOVE being outside, whether it's a warm sunny day at the beach, a gloomy rainy day in the woods or snowboarding in the mountains I really love it all. I also love reading and I am currently going to school to be a nurse, I love all things health, science and fitness related."", 'Turn Ons': 'initially a great sense of humor and a rugged demeanor. foreplay, neck kissing, fingering, making out and massive sexual tension', 'Profile Views': '7,416,983', 'Videos Watched': '18'}",1040.0,1288.0,[1292],2950.0,6300.0
29,Girthmasterr,https://www.pornhub.com/pornstar/girthmasterr,1288,20,6600000,https://ei.phncdn.com/(m=bLqDuhKlbyaT)(mh=UaIfhOE43m1qwfqT)6b4973ce-2313-45a0-bd16-da639dabf0b2.jpg,True,False,"About Girthmasterr

                                    I'm an Australian porn creator working with hundreds of women all over the world!
Check out my Onlyfans to see full videos of my scenes! 

www.onlyfans.com/girthmasterr

Girthmaster",NA,"{'Twitter': 'https://www.twitter.com/girthmasterr', 'Instagram': 'https://www.instagram.com/girthmasterr'}","{'Relationship status': 'Single', 'Interested in': 'Girls', 'City and Country': 'On your computer, AU', 'Pornstar Profile Views': '234,023', 'Career Status': 'Active', 'Career Start and End': 'to                        Present', 'Gender': 'Male', 'Measurements': '--', 'Endowment': '7-9""', 'Height': '6 ft 5 in (196 cm)', 'Ethnicity': 'White', 'Foreskin': 'Cut', 'Facial Hair': 'Yes', 'Profile Views': '806,812', 'Videos Watched': '59'}",1307.0,1289.0,[1501],1542.0,49600.0
30,DICKHDDAILY,https://www.pornhub.com/pornstar/dickhddaily,1289,136,27900000,https://ei.phncdn.com/(m=bLqDuhKlbyaT)(mh=3lj9zA1RzC6APWyb)b7ce8bf6-2a5d-47d6-b116-7e3941096d22.jpg,True,False,"About DICKHDDAILY

                                    Vegas based content creator. Real sex. No gimmicks. For full videos click the link in bio or head to DICKHDDAILY.COM","['Digital Climaxxx', 'Black Money Erotica']","{'Official Site': 'https://allmylinks.com/dickhddaily', 'Twitter': 'https://twitter.com/dickhddaily', 'Amazon Wishlist': 'https://a.co/amU0KWb', 'Snapchat': 'https://www.snapchat.com/add/dickhddailyfree', 'Instagram': 'https://www.instagram.com/richhd3x'}","{'Relationship status': 'Open', 'Interested in': 'Girls', 'City and Country': 'Las Vegas, US', 'Pornstar Profile Views': '2,995,053', 'Career Status': 'Active', 'Career Start and End': '2017                        to                        Present', 'Gender': 'Male', 'Measurements': '--', 'Endowment': '7-9""', 'Height': '5 ft 8 in (173 cm)', 'Weight': '165 lbs (75 kg)', 'Ethnicity': 'Black', 'Background': 'American', 'Hair Color': 'Black', 'Eye Color': 'Brown', 'Foreskin': 'Uncut', 'Facial Hair': 'No', 'Tattoos': 'Yes', 'Piercings': 'Yes', 'Interests and hobbies': 'Production. Fitness. Health.', 'Turn Ons': 'CONFIDENCE. Hygiene. Honesty. Humility.', 'Turn Offs': 'Poor hygiene. Ignorance.', 'Profile Views': '3,886,091', 'Videos Watched': '12,685'}",1285.0,1291.0,[1290],1200.0,32800.0
31,Melissa Lynn,https://www.pornhub.com/pornstar/melissa-lynn,1291,62,29700000,https://ei.phncdn.com/pics/users/873/916/121/avatar1559734645/(m=eQJ6GCjadOf)(mh=aLYQdm0DF0T5uAcL)200x200.jpg,True,False,"About Melissa Lynn

                                    I am a glamour model and porn star","['MYLF', 'Dogfart Network', 'Filthy Family']",{'Instagram': 'https://www.instagram.com/@modelmelissalyn'},"{'Relationship status': 'Single', 'Interested in': 'Guys and Girls', 'City and Country': 'Tampa, US', 'Pornstar Profile Views': '2,487,478', 'Career Status': 'Active', 'Career Start and End': 'to                        Present', 'Gender': 'Female', 'Birth Place': 'Florida, United States of America', 'Star Sign': 'Capricorn', 'Measurements': '34D-26-34', 'Height': '5 ft 4 in (163 cm)', 'Weight': '110 lbs (50 kg)', 'Ethnicity': 'White', 'Hair Color': 'Brunette', 'Fake Boobs': 'Yes', 'Profile Views': '2,819,464', 'Videos Watched': '9'}",1172.0,1234.0,[1285],1156.0,71000.0
32,pipaypipo,https://www.pornhub.com/model/pipaypipo,1234,126,26200000,https://ei.phncdn.com/(m=bLazqgKlbyaT)(mh=_l7CcH7FF5wqyzTB)5c747ca1-f785-44aa-bd74-24b8fb007a70.jpg,True,False,"About pipaypipo                                    

                                        Im Pipa üíñ I started camming and it took me to discover the gigantic beautiful anal world. Looking for more fun and ready to cross  limits ‚ù§ 
This is just some of what i do, if u'd like to see more im on other sites where u can also chat w me üíñ

https://onlyfans.com/pipaypipo5 ü•∞

dirty and more here linktr.ee/Pipaypipo

Fansly, kinky content no restrictions!! (this would be the place for all the truly extreme stuff) https://fansly.com/pipaypipo/posts",NA,"{'Twitter': 'https://www.twitter.com/pipadirty55', 'Snapchat': 'https://www.snapchat.com/add/pipaypipo2', 'Instagram': 'https://www.instagram.com/pipadirty55'}","{'Relationship status': 'Single', 'Interested in': 'Guys and Girls', 'Gender': 'Couple', 'Height': '5\' 4"" (162cm)', 'Ethnicity': 'Latin', 'Fake Boobs': 'No', 'Turn Ons': 'I love anal ‚ù§ im currently stretching my ass, trying to discover how big it can get', 'Video Views': '26,163,105', 'Profile Views': '6,266,286', 'Videos Watched': '500'}",1215.0,1235.0,[1233],1339.0,30200.0
33,Eliza Evans,https://www.pornhub.com/model/eliza-evans,1235,306,23800000,https://ei.phncdn.com/(m=bLazqgKlbyaT)(mh=jDt1Z0i1JscuWKdo)4ce66a30-e404-4cff-abf1-2e273f1fd91a.jpg,True,False,"About Eliza Evans                                    

                                        Hello everyone!! Welcome to my profile. My name is Elizabeth Evans. I hope you enjoy my AMATEUR content!! It would help me a lot if you subscribe
 to my Onlyfans: https://onlyfans.com/elievans ‚ù§ there they will have more unique content",NA,{'Official Site': 'https://onlyfans.com/elievans'},"{'Relationship status': 'Taken', 'Interested in': 'Guys and Girls', 'Gender': 'Couple', 'Ethnicity': 'Latin', 'Hair Color': 'Black', 'Tattoos': 'No', 'Piercings': 'No', 'Interests and hobbie': 'I love walking on the beach and observing nature, eating sweets, traveling and fucking a lot.', 'Turn Ons': 'What turns me on the most is that he eats my ass and spanks me hard', 'Video Views': '23,807,857', 'Profile Views': '2,641,185', 'Videos Watched': '786'}",1166.0,1236.0,[1231],1078.0,29200.0
34,DivinaMaruuu,https://www.pornhub.com/model/divinamaruuu,1236,105,23400000,https://ei.phncdn.com/(m=bLazqgKlbyaT)(mh=c9EW_1wjJ9oom3-i)43c590ba-5767-41e6-a913-34d57cce1bab.jpg,True,False,"About DivinaMaruuu                                    

                                        üíñ Maru üíñ
‚ú®Modelo sensual üëô
‚ú®Creadora de contenido virtual üì∏
‚ú®Argentina üíã

        üíñ Maru üíñ 
‚ú®Sensual model üëô 
‚ú®Virtual content creator üì∏ 
‚ú®Argentina üíã

Reddit: u/DivinaMaruuu",NA,"{'Official Site': 'https://www.divinamaruuu.com/', 'Twitter': 'https://www.twitter.com/DivinaMaruuu', 'Instagram': 'https://www.instagram.com/divinamaruuu3'}","{'Relationship status': 'Open', 'Interested in': 'Guys and Girls', 'City and Country': 'Buenos Aires, Argentina', 'Gender': 'Female', 'Birth Place': 'Argentina', 'Height': '5\' 0"" (152cm)', 'Ethnicity': 'Latin', 'Hair Color': 'Blonde', 'Fake Boobs': 'Yes', 'Tattoos': 'Yes', 'Piercings': 'Yes', 'Hometown': 'Buenos Aires', 'Video Views': '23,407,140', 'Profile Views': '5,729,652', 'Videos Watched': '774'}",1072.0,1237.0,[1237],1189.0,26100.0
35,Gaia On Top,https://www.pornhub.com/model/gaia-on-top,1237,190,19500000,https://ei.phncdn.com/(m=bLazqgKlbyaT)(mh=l4F7EbTi3L-sdH_0)8ac81c26-1d89-46dc-bce6-cec4fb594d13.jpg,True,False,"About Gaia On Top                                    

                                        Hey there! I'm Gaia a bisexual girl. I love sex and I like to masturbate me with sex toys and fantasize about you watching my videos and I truly love when I know that you watch me!
Please SUBSCRIBE ME and put your LIKES and COMMENTS to motivate me to make more hot videos, so tell me what you think. You can support me by TIPS, become a FANS or downloading my 4K videos. Visit gaiaontop.com to check my links. YOUR Gaia OnTop",NA,"{'Official Site': 'https://gaiaontop.com', 'Twitter': 'https://www.twitter.com/gaiaontop', 'Instagram': 'https://www.instagram.com/gaiaontop_real'}","{'Relationship status': 'Open', 'Interested in': 'Guys and Girls', 'City and Country': 'Italy, United States', 'Gender': 'Couple', 'Birth Place': 'Italy', 'Measurements': '42-29-43', 'Height': '5\' 11"" (180cm)', 'Weight': '140lbs. (64kg)', 'Ethnicity': 'White', 'Hair Color': 'Blonde', 'Fake Boobs': 'Yes', 'Tattoos': 'Yes', 'Piercings': 'No', 'Hometown': 'ITALY', 'Interests and hobbie': 'sex toys, psychology, sexology, fit boxing, travels, beach, micro bikinis, tv series, drink beer, my friends and parties', 'Turn Ons': 'play with sex toys, squirting, talk about sex, butt massage, masturbation, foot massage, gaping, pumping, pegging, fisting, anal, pissing, threesome', 'Turn Offs': ""licking the ear, men's thong"", 'Video Views': '19,526,703', 'Profile Views': '4,502,916', 'Videos Watched': '1,162'}",1171.0,1240.0,[1260],1367.0,46300.0
36,Allice Leo,https://www.pornhub.com/model/allice-leo,1240,64,26100000,https://ei.phncdn.com/(m=bLazqgKlbyaT)(mh=RrlV5CQdwoiT8hk4)812fc83b-d5bf-4e80-93eb-0c8d05467112.jpg,True,False,"About Allice Leo                                    

                                        ---- Pour une demande professionnel / For a professional requests -> contact.alliceleo@gmail.com ----
-------------------------- Tout mes liens ici / My all link here -> https://linktr.ee/allice_leo --------------------------
                               
Hello moi c'est Allice, d√©couvre moi sur cette page et sur tout mes autres r√©seaux tel que Onlyfan, Instagram,...  <3 Pense a t'abonner on est bient√¥t 50 000 !
Bisous

Hello me it's Allice, discover me on this page and on all my other networks such as Onlyfan, Instagram,... <3 Don't forget to subscribe, we're almost 50,000 strong!
Kiss",NA,"{'Official Site': 'https://linktr.ee/allice_leo', 'Twitter': 'https://www.twitter.com/AllliceLeo', 'Instagram': 'https://www.instagram.com/Alllice_leo'}","{'Relationship status': 'Taken', 'Interested in': 'Guys and Girls', 'Gender': 'Female', 'Birth Place': 'France', 'Height': '5\' 3"" (160cm)', 'Weight': '105lbs. (48kg)', 'Ethnicity': 'White', 'Hair Color': 'Brunette', 'Fake Boobs': 'No', 'Tattoos': 'No', 'Piercings': 'No', 'Hometown': 'NICE', 'Interests and hobbie': 'j‚Äôaime les balades, l‚Äôaventure, deÃÅcouvrir le monde üèïüåç et par dessus tout j‚Äôaime le sex ü§≠', 'Turn Ons': ""Le sexe ! L'aventure et les balades"", 'Turn Offs': 'La pluie, la mauvaise humeur et le manque de respect', 'Video Views': '26,132,654', 'Profile Views': '7,861,582', 'Videos Watched': '436'}",1096.0,1241.0,[1269],1223.0,508000.0
37,LinaMigurtt,https://www.pornhub.com/model/linamigurtt,1241,61,31600000,https://ei.phncdn.com/(m=bLazqgKlbyaT)(mh=Ci9Y8sEa_E4SJRBl)ab796ad5-3aac-4836-932f-435476301cef.jpg,True,False,"About LinaMigurtt                                    

                                        for custom video -  msg to fansly https://fansly.com/Linambc/posts
all about me: https://linambc.taplink.ws/",NA,"{'Official Site': 'https://linambc.taplink.ws', 'Instagram': 'https://www.instagram.com/linamontblanc/'}","{'Relationship status': 'Taken', 'Gender': 'Female', 'Height': '5\' 7"" (170cm)', 'Ethnicity': 'White', 'Hair Color': 'Brunette', 'Fake Boobs': 'No', 'Tattoos': 'Yes', 'Piercings': 'No', 'Video Views': '31,632,935', 'Profile Views': '34,780,192', 'Videos Watched': '608'}",1220.0,1243.0,[1246],1195.0,66500.0
38,Falcon Al,https://www.pornhub.com/model/falcon-al,1243,890,152000000,https://ei.phncdn.com/pics/users/u/002/026/944/422/avatar1608909703/(m=eidYGCjadOf)(mh=zjfPBA_BICUnR__Z)200x200.jpg,True,False,"About Falcon Al                                    

                                        Hello) Glad to welcome you to my channel. My name is Falcon Al , I'm an actor who acts in different categories - gay , bi , straight , cuckold ) I love to fuck twinks and give adult men an asshole , lick their cum off cocks and get anal creampie ) Subscribe to my channel so you don't miss anything new) I love each of my fans, thank you)",NA,"{'Official Site': 'https://onlyfans.com/sokolusha19', 'Twitter': 'https://twitter.com/sokolusha1909', 'Instagram': 'https://www.instagram.com/sokolusha1909/'}","{'Relationship status': 'Taken', 'Interested in': 'Guys and Girls', 'City and Country': 'SaintPetersburg, Russia', 'Gender': 'Male', 'Birth Place': 'Russia', 'Endowment': '5-7""', 'Height': '5\' 8"" (172cm)', 'Weight': '147lbs. (67kg)', 'Ethnicity': 'White', 'Hair Color': 'Brunette', 'Foreskin': 'Uncut', 'Facial Hair': 'No', 'Tattoos': 'Yes', 'Piercings': 'Yes', 'Hometown': 'Saint-Petersburg', 'Interests and hobbie': 'I go in for sports for my pleasure, I like to be photographed and shoot videos\r\n–ó–∞–Ω–∏–º–∞—é—Å—å —Å–ø–æ—Ä—Ç–æ–º –≤ —Å–≤–æ–µ —É–¥–æ–≤–æ–ª—å—Å—Ç–≤–∏–µ , –ª—é–±–ª—é —Ñ–æ—Ç–æ–≥—Ä–∞—Ñ–∏—Ä–æ–≤–∞—Ç—å—Å—è –∏ —Å–Ω–∏–º–∞—Ç—å —Ä–æ–ª–∏–∫–∏', 'Turn Ons': 'I love to do rimming wildly, from my shaved ass my cock is staked. Huge cocks drive me crazy. And of course the beautiful physique of men and girls turns me on.\r\n\r\n–Ø –¥–∏–∫–æ –ª—é–±–ª—é –¥–µ–ª–∞—Ç—å —Ä–∏–º–º–∏–Ω–≥ , –æ—Ç –≤—ã–±—Ä–∏—Ç–æ–π –ø–æ–ø–∫–∏ –º–æ–π —á–ª–µ–Ω —Å—Ç–æ–∏—Ç –∫–æ–ª–æ–º. –ú–µ–Ω—è —Å–≤–æ–¥—è—Ç —Å —É–º–∞ –æ–≥—Ä–æ–º–Ω—ã–µ —á–ª–µ–Ω—ã . –ò –∫–æ–Ω–µ—á–Ω–æ –∂–µ –º–µ–Ω—è –∑–∞–≤–æ–¥–∏—Ç –∫—Ä–∞—Å–∏–≤–æ–µ —Ç–µ–ª–æ—Å–ª–æ–∂–µ–Ω–∏–µ –º—É–∂—á–∏–Ω –∏ –¥–µ–≤—É—à–µ–∫', 'Turn Offs': 'Excessive hairiness on the body (especially groin, belly, butt) Unpleasant odors, fullness\r\n–ò–∑–ª–∏—à–Ω—è—è –≤–æ–ª–æ—Å–∞—Ç–æ—Å—Ç—å –Ω–∞ —Ç–µ–ª–µ ( –æ—Å–æ–±–µ–Ω–Ω–æ –ø–∞—Ö, –∂–∏–≤–æ—Ç , –ø–æ–ø–∞ ) –ù–µ–ø—Ä–∏—è—Ç–Ω—ã–µ –∑–∞–ø–∞—Ö–∏ , –ø–æ–ª–Ω–æ—Ç–∞', 'Video Views': '152,749,150', 'Profile Views': '11,450,169', 'Videos Watched': '254'}",1245.0,1245.0,[1232],1305.0,49500.0
39,Beamititik Beth,https://www.pornhub.com/model/beamititik-beth,1245,96,25500000,https://ei.phncdn.com/(m=bLazqgKlbyaT)(mh=CGIXuDhM9xlCYa2x)e7075cf5-af21-4e8e-a799-18ea53c909ff.jpg,True,False,"About Beamititik Beth                                    

                                        MAKE SURE TO SUBSCRIBE FOR MORE!!!
https://linktr.ee/beamititik
Join us also on https://fans.ly/beamititik for new amazing videos.
Join us also on https://onlyfans.com/beamititik
Join us also on https://onlyfans.com/beamititikfree
Join us also on https://www.fanvue.com/beamititik",NA,"{'Twitter': 'https://linktr.ee/beamititik', 'Snapchat': 'https://linktr.ee/beamititik', 'Instagram': 'https://linktr.ee/beamititik'}","{'Relationship status': 'Taken', 'Interested in': 'Guys', 'Gender': 'Female', 'Height': '5\' 3"" (160cm)', 'Weight': '84lbs. (38kg)', 'Ethnicity': 'Latin', 'Hair Color': 'Brunette', 'Fake Boobs': 'No', 'Interests and hobbie': 'https', 'Turn Ons': 'Money received https', 'Video Views': '25,531,728', 'Profile Views': '4,358,369', 'Videos Watched': '2,156'}",1231.0,1248.0,[1217],1112.0,62100.0
40,Vina Moon,https://www.pornhub.com/model/vina-moon,1248,186,40400000,https://ei.phncdn.com/(m=bLazqgKlbyaT)(mh=1mjwPfQWhffY6ltJ)ad22d6ea-47a4-4025-829b-b1743bbdac61.jpg,True,False,"About Vina Moon                                    

                                        Asian Girl with Big Tits and Tight Pussy !
Get more PRIVATE content in my OnlyFans ...",NA,"{'Official Site': 'https://onlyfans.com/vinamoon', 'Twitter': 'https://twitter.com/Vinamoon_xxx', 'Instagram': 'https://www.instagram.com/vinamoon.live/'}","{'Relationship status': 'Single', 'Interested in': 'Guys and Girls', 'Gender': 'Couple', 'Height': '5\' 5"" (165cm)', 'Weight': '100lbs. (45kg)', 'Ethnicity': 'Asian', 'Hair Color': 'Brunette', 'Fake Boobs': 'No', 'Tattoos': 'Yes', 'Piercings': 'No', 'Interests and hobbie': 'Music, dancing and cooking', 'Turn Ons': 'expensive cars, luxury resorts and hotels,listen good music', 'Video Views': '40,423,119', 'Profile Views': '4,761,401', 'Videos Watched': '1,695'}",1386.0,1250.0,[1234],3504.0,24800.0
41,Lil Karina,https://www.pornhub.com/model/lil-karina,1250,118,11500000,https://ei.phncdn.com/(m=bLazqgKlbyaT)(mh=xn6qdkbKY0jblu20)576b50cb-7cb6-4f5b-bde7-612128a8aed8.jpg,True,False,"About Lil Karina                                    

                                        My name is Karina, and I am very happy to see you on my Pornhub channel. I was born on July 12, 2004. I'm a webcam model and video creator. My favorite animals - Rats, my future rat I'll name Georgik.I draw very well and learn to lead a healthy lifestyle. like piercings and tattoos, but only on my body) I love anime, manga, comics, Marvel, TV series, cartoons and cosplay. I want to make porn with storylines, comedy, parodies, generally to be fun. I like to shoot a lot of content for my viewers and subscribers.I'm not a gamer, but maybe when I'm an old lady I'll start playing a lot of video games, ahah, I studied to be a Model Designer, but my exhibitionism won out and here I am. Lol",NA,"{'Official Site': 'https://mym.fans/Lea_mini', 'Twitter': 'https://www.twitter.com/lilkarinax', 'Snapchat': 'https://www.snapchat.com/add/Karina_pink23', 'Instagram': 'https://www.instagram.com/lilkarinapink'}","{'Relationship status': 'Open', 'Interested in': 'Guys and Girls', 'Gender': 'Couple', 'Height': '5\' 1"" (154cm)', 'Ethnicity': 'Asian', 'Hair Color': 'Blonde', 'Fake Boobs': 'No', 'Tattoos': 'No', 'Piercings': 'No', 'Video Views': '11,515,601', 'Profile Views': '1,841,916', 'Videos Watched': '362'}",1353.0,1253.0,[1268],2279.0,36100.0
42,danilisboa,https://www.pornhub.com/model/danilisboa,1253,56,7300000,https://ei.phncdn.com/(m=bLazqgKlbyaT)(mh=0wQMk5OlnzOelgzT)a7a07b13-f4e5-440e-9fa1-66eca4d42c94.jpg,True,False,"About danilisboa                                    

                                        Hi I'm Dani. I'm a cam model and content creator from Colombia. I love making videos and thinking about people getting turned on and masturbating watching my videos. be free to enjoy! Follow me in INSTAGRAM @danielis_94",NA,"{'Twitter': 'https://twitter.com/Danielis_94', 'Amazon Wishlist': 'https://www.amazon.com/hz/wishlist/ls/22NZA845M4HCA?ref_=wl_share', 'Snapchat': 'https://t.snapchat.com/3QdGT0YQ', 'Instagram': 'https://www.instagram.com/danilisboa94/'}","{'Relationship status': 'Single', 'Interested in': 'Guys and Girls', 'Gender': 'Female', 'Piercings': 'Yes', 'Interests and hobbie': 'I like help dogs shelters', 'Turn Offs': 'Disrespect and tactlessness.', 'Video Views': '7,261,097', 'Profile Views': '3,224,609', 'Videos Watched': '86'}",1217.0,1254.0,[1275],1180.0,101000.0
43,TheGorillaGrip,https://www.pornhub.com/model/thegorillagrip,1254,129,26300000,https://ei.phncdn.com/pics/users/u/002/033/591/752/avatar1609791501/(m=eidYGCjadOf)(mh=Gxst9aJrU0GhBEYE)200x200.jpg,True,False,"About TheGorillaGrip                                    

                                        customs,panties, and more TheGorillaGrip.net",NA,"{'Official Site': 'https://linktr.ee/Tggfilms', 'Twitter': 'https://www.twitter.com/thegorillagripp', 'Instagram': 'https://www.instagram.com/thegorillagrip21'}","{'Relationship status': 'Taken', 'City and Country': 'Orlando, United States', 'Gender': 'Female', 'Ethnicity': 'White', 'Interests and hobbie': 'I love video games.', 'Turn Ons': 'Choking', 'Turn Offs': 'Humiliation', 'Video Views': '26,325,066', 'Profile Views': '9,173,406', 'Videos Watched': '102'}",1194.0,1256.0,[1257],1921.0,133000.0
44,MiniBlondie,https://www.pornhub.com/model/miniblondie,1256,196,45800000,https://ei.phncdn.com/pics/users/820/345/842/avatar1595107029/(m=eidYGCjadOf)(mh=AbbNsKRo5qFlICRp)200x200.jpg,True,False,"About MiniBlondie                                    

                                        www.onlyfans.com/miniblondie
https://www.manyvids.com/Profile/1004589736/miniblondie/Store/Videos/",NA,{'Official Site': 'https://www.onlyfans.com/miniblondie'},"{'Relationship status': 'Taken', 'Interested in': 'Guys and Girls', 'Gender': 'Couple', 'Ethnicity': 'White', 'Fake Boobs': 'No', 'Piercings': 'No', 'Video Views': '45,812,722', 'Profile Views': '11,722,147', 'Videos Watched': '2,049'}",1228.0,1257.0,[1247],1269.0,67600.0
45,rubieandmax,https://www.pornhub.com/model/rubieandmax,1257,39,22200000,https://ei.phncdn.com/pics/users/822/374/101/avatar1553986367/(m=eidYGCjadOf)(mh=B-LHgn137ptdoHCo)200x200.jpg,True,False,NA,NA,{'Official Site': 'https://onlyfans.com/rubiexxx'},"{'Relationship status': 'Taken', 'City and Country': 'milwaukee, United States', 'Gender': 'Couple', 'Video Views': '22,189,157', 'Profile Views': '6,846,137', 'Videos Watched': '200'}",1400.0,1262.0,[1252],1225.0,41500.0
46,DarkWetDreemz,https://www.pornhub.com/model/darkwetdreemz,1258,94,36700000,https://ei.phncdn.com/pics/users/684/541/481/avatar1627920921/(m=eidYGCjadOf)(mh=WlQchbAl2K9hZ-FG)200x200.jpg,True,True,NA,NA,NA,NA,1150.0,1263.0,[],1216.0,123000.0
47,The Porn Vlogs,https://www.pornhub.com/model/the-porn-vlogs,1262,20,51100000,https://ei.phncdn.com/(m=bLazqgKlbyaT)(mh=g8YQq3QlHqOcQ-gN)3ebea76e-c432-4de8-9c95-9664817fd00c.jpg,True,False,"About The Porn Vlogs                                    

                                        Watch the eXXXclusive Behind The Scenes from Money Shot Filmz! üòé These Porn Vlogs get so HOT! ü•µ To see the full versions, SUB to the OnlyFans for FREE! üòØ",NA,"{'Official Site': 'https://onlyfans.com/moneyshotfilmzraw', 'Twitter': 'https://www.twitter.com/ThePornVlogs', 'Instagram': 'https://www.instagram.com/moneyshotbabez'}","{'Relationship status': 'Single', 'Interested in': 'Girls', 'City and Country': 'Los Angeles, United States', 'Gender': 'Male', 'Video Views': '51,050,912', 'Profile Views': '10,065,685', 'Videos Watched': '51'}",1251.0,1265.0,[1244],1140.0,101000.0
48,Xtrade64,https://www.pornhub.com/model/xtrade64,1263,554,157000000,https://ei.phncdn.com/(m=eidYGCjadOf)(mh=CavalLP8ZB42F49a)2b75a169-33a0-4768-95a5-abce859d89a8.jpg,True,False,"About Xtrade64                                    

                                        üß°üß°üß°  COMMENT what would you like to see in the next video! üß°üß°üß°

Comment - Subscribe - Like ------------------------------üß° Message for custom videos NOW ! üß°",NA,{'Twitter': 'https://twitter.com/Xtrade_64'},"{'Relationship status': 'Open', 'Interested in': 'Guys and Girls', 'City and Country': 'Los Angeles, United States', 'Gender': 'Couple', 'Birth Place': 'United States of America', 'Height': '5\' 6"" (167cm)', 'Weight': '105lbs. (48kg)', 'Hair Color': 'Blonde', 'Fake Boobs': 'No', 'Hometown': 'Los Angeles', 'Turn Ons': 'Active viewers, deepthroats, anal, cum play, toys, sloppy blowjobs', 'Video Views': '157,539,072', 'Profile Views': '7,108,589', 'Videos Watched': '1,457'}",1322.0,1268.0,[1259],1164.0,22800.0
49,Estie Kay,https://www.pornhub.com/model/estie-kay,1265,92,26300000,https://ei.phncdn.com/pics/users/u/001/026/022/991/avatar1628449049/(m=eidYGCjadOf)(mh=XyPUVmaKNwZbFJL4)200x200.jpg,True,False,"About Estie Kay                                    

                                        Hi! You can follow my Fansly if you want to know me betterü•∞  https://fansly.com/EstieKay",NA,{'Twitter': 'https://twitter.com/EstieKay'},"{'Relationship status': 'Open', 'Interested in': 'Guys and Girls', 'Gender': 'Female', 'Height': '5\' 4"" (162cm)', 'Weight': '117lbs. (53kg)', 'Fake Boobs': 'No', 'Tattoos': 'No', 'Piercings': 'No', 'Turn Ons': 'Anal, hard ass spanking, slow and sensual blowjob, a little dirtiness with lots of spit and sweat and cum, little cute kisses in neck, when he calls me good girl.', 'Turn Offs': ""Random guys' dickpics."", 'Video Views': '26,252,775', 'Profile Views': '6,177,428', 'Videos Watched': '1,550'}",1281.0,1269.0,[1258],2040.0,28600.0
50,Spicycookies95,https://www.pornhub.com/model/spicycookies95,1268,53,34600000,https://ei.phncdn.com/(m=bLazqgKlbyaT)(mh=dMSCkTjfwRi0cR0C)e3bb1cd4-6194-4622-a8b0-632169de7382.jpg,True,False,"About Spicycookies95                                    

                                        Diana, italian little slut  27yo from Sicily
Watch me ü•µü•µ playing with my husband Michele and many cocks on my OnlyFans ‚ù§Ô∏èüîûüí¶üí¶üí¶",NA,"{'Official Site': 'https://onlyfans.com/spicycookies95/c4', 'Twitter': 'https://www.twitter.com/spicycookies95', 'Instagram': 'https://www.instagram.com/spicycookies95official'}","{'Relationship status': 'Taken', 'Interested in': 'Guys and Girls', 'City and Country': 'Sicilia, Italy', 'Gender': 'Couple', 'Birth Place': 'Italy', 'Height': '5\' 2"" (157cm)', 'Ethnicity': 'Latin', 'Hair Color': 'Brunette', 'Video Views': '34,637,267', 'Profile Views': '5,956,824', 'Videos Watched': '774'}",1230.0,1274.0,[1250],880.0,39100.0
51,FlameHEL,https://www.pornhub.com/model/flamehel,1269,242,18800000,https://ei.phncdn.com/(m=bLazqgKlbyaT)(mh=MIrTUZlyApF4OEl4)7540be85-c5c1-496f-a6f9-87148936d76e.jpg,True,False,"About FlameHEL                                    

                                        Are you the next girl of Hel? We're looking for a girl to join us in our travels and make porn with us. Send me a message if you're a submissive girl, you like the videos you see here, and you're excited about the idea of joining us. It doesn't matter where in the world you are now, but you must be interested in travel and living a 24/7 BDSM lifestyle.

I'm a shibari artist and fetish evangelist. I'm originally from Australia but now travel the world with my step-daughter Baebi Hel, living in different countries and making movies as we travel.

I founded the HEL dungeon and shibari studio in Europe. I am heavily involved in the fetish community, live the lifestyle 24/7 and have been into BDSM for about 30 years.",NA,"{'Official Site': 'https://girlsofhel.com/', 'Instagram': 'https://www.instagram.com/flame.hel'}","{'Relationship status': 'Open', 'Interested in': 'Girls', 'City and Country': 'Tokyo, Japan', 'Gender': 'Male', 'Video Views': '18,802,687', 'Profile Views': '2,348,513', 'Videos Watched': '160'}",1266.0,1275.0,[1270],1321.0,60600.0
52,Pussbebe2103,https://www.pornhub.com/model/pussbebe2103,1274,113,67300000,https://ei.phncdn.com/(m=bLazqgKlbyaT)(mh=USdG9Mda0EIkcyCO)614796fd-68af-445a-afdc-de9b17eaee65.jpg,True,False,"About Pussbebe2103                                    

                                        Hi! I'm Stella ‚ô•Ô∏è Enjoy watching our video guys! üòäüí¶",NA,"{'Twitter': 'https://www.twitter.com/pussbebe2103', 'Instagram': 'https://www.instagram.com/stellapussbebe2103'}","{'Relationship status': 'Taken', 'Interested in': 'Guys and Girls', 'City and Country': 'Makati, Philippines', 'Gender': 'Couple', 'Height': '5\' 3"" (160cm)', 'Ethnicity': 'Asian', 'Tattoos': 'No', 'Piercings': 'No', 'Video Views': '67,273,612', 'Profile Views': '9,286,956', 'Videos Watched': '1,330'}",1265.0,1276.0,[1267],1169.0,53200.0
53,Lana Monroe,https://www.pornhub.com/model/lana-monroe,1275,319,41800000,https://ei.phncdn.com/pics/users/862/013/081/avatar1593969941/(m=eidYGCjadOf)(mh=Nxm2_mYY0ha2R4BP)200x200.jpg,True,False,"About Lana Monroe                                    

                                        It excites me to think that they see us. Come on and be with us.
I want a professional camera to record better, help me babe!
And enjoy my big ass",NA,{'Twitter': 'https://www.twitter.com/@LanaMonroeHub'},"{'Relationship status': 'Single', 'Interested in': 'Guys and Girls', 'Gender': 'Couple', 'Height': '5\' 3"" (160cm)', 'Weight': '155lbs. (70kg)', 'Ethnicity': 'Latin', 'Tattoos': 'No', 'Piercings': 'No', 'Video Views': '41,773,418', 'Profile Views': '7,556,508', 'Videos Watched': '3,369'}",1241.0,1280.0,[1272],1300.0,27500.0
54,Anny Ward,https://www.pornhub.com/model/anny-ward,1276,60,15200000,https://ei.phncdn.com/pics/users/917/251/381/avatar1599355135/(m=eidYGCjadOf)(mh=OSEEQ5fEQlreVwOf)200x200.jpg,True,False,"About Anny Ward                                    

                                        Hello PornHub community! My husband Henry and I are an open-minded couple, very partners and who love each other more than anything. We love to record, produce and edit our content for our platforms. We love to share our moments together, all kinds of fun and naughtiness. And we do everything with a lot of love and care! 
We post new videos every week here on PornHub and we also have exclusive content on OnlyFans. Thanks for watching, if you liked it, subscribe, comment and share! Much love to you all! ‚ô•Ô∏è

Ol√° comunidade do PornHub! Eu e meu marido Henry somos um casal de mente aberta, muito parceiros e que se amam mais do que tudo. Adoramos gravar, produzir e editar nossos conte√∫dos. Amamos compartilhar nossos momentos juntos, nossas brincadeiras e safadezas. E fazemos tudo com muito amor e carinho!
Postamos v√≠deos novos toda semana aqui no PornHub e temos tamb√©m conte√∫dos exclusivos no OnlyFans. Obrigado por assistir, se gostou d√° like, se inscreva, comente e compartilhe! Muito amor para todos voc√™s! ‚ô•Ô∏è",NA,"{'Official Site': 'https://onlyfans.com/annyward', 'Twitter': 'https://www.twitter.com/AnnyWard_', 'Snapchat': 'https://www.snapchat.com/add/annyward.sg', 'Instagram': 'https://www.instagram.com/AnnyWard_'}","{'Relationship status': 'Taken', 'City and Country': 'Brazil, Brazil', 'Gender': 'Couple', 'Birth Place': 'Brazil', 'Height': '5\' 3"" (160cm)', 'Weight': '116lbs. (53kg)', 'Ethnicity': 'White', 'Hair Color': 'Auburn', 'Fake Boobs': 'Yes', 'Tattoos': 'Yes', 'Piercings': 'Yes', 'Interests and hobbie': 'Watch series, movies, animes, listen to music, smoke weed and fuck.\r\n\r\nAssistir s√©ries, filmes, animes, ouvir m√∫sica, fumar maconha e foder gostoso.', 'Turn Ons': 'FOOOOOD', 'Video Views': '15,220,871', 'Profile Views': '6,761,758', 'Videos Watched': '95'}",1257.0,1281.0,[1261],1250.0,114000.0
55,Miss Squirting,https://www.pornhub.com/model/miss-squirting,1280,186,18700000,https://ei.phncdn.com/(m=bLazqgKlbyaT)(mh=HM59TzX7W4j4zu_W)ada1e36a-f69d-457d-855e-5e49f7b9d63e.jpg,True,False,"About Miss Squirting                                    

                                        Just a horny milf looking for an orgasm. Would you like to see some Premium videos? Check my premium videos here: https://www.manyvids.com/Profile/1004905507/Wet4Ever/Store/Videos/",NA,{'Official Site': 'https://faphouse.com/models/slutwife-2'},"{'Relationship status': 'Single', 'Interested in': 'Guys and Girls', 'Gender': 'Female', 'Ethnicity': 'White', 'Fake Boobs': 'No', 'Tattoos': 'Yes', 'Piercings': 'Yes', 'Interests and hobbie': 'You can buy my underwear here', 'Turn Ons': 'Being fucked as hard as a possible human being can fuck.', 'Turn Offs': 'Stay at home without being fucked', 'Video Views': '18,701,143', 'Profile Views': '3,534,499', 'Videos Watched': '490'}",1446.0,1287.0,[1280],1656.0,27600.0
56,Horny Kira,https://www.pornhub.com/model/horny-kira,1281,83,37300000,https://ei.phncdn.com/pics/users/424/357/932/avatar1611918637/(m=eidYGCjadOf)(mh=eE6-gXpGlCIZqqLq)200x200.jpg,True,False,"About Horny Kira                                    

                                        I get horny when read your hot comments under my videos",NA,NA,"{'Relationship status': 'Single', 'Interested in': 'Guys and Girls', 'Gender': 'Female', 'Birth Place': 'United States of America', 'Ethnicity': 'White', 'Hair Color': 'Other', 'Fake Boobs': 'No', 'Tattoos': 'No', 'Hometown': 'California', 'Video Views': '37,329,668', 'Profile Views': '8,435,997', 'Videos Watched': '5,929'}",1238.0,1290.0,[1281],1027.0,42900.0
57,Sara Latina,https://www.pornhub.com/model/sara-latina,1287,50,3700000,https://ei.phncdn.com/(m=bLazqgKlbyaT)(mh=K15JgS7fvjS0pKY7)2f6e2a6a-ccef-4c2b-8937-b8d8b3c0b838.jpg,True,False,"About Sara Latina                                    

                                        Hey! My name is Sara, im Latina, im a dj too (electronic music), i love sex and i love to share mine with everyone ‚ô• send me a pm for requests :)

My Only fans: https://onlyfans.com/sara-latina",NA,"{'Official Site': 'https://onlyfans.com/saralatina-vip', 'Twitter': 'https://twitter.com/Sara_LatinaOF', 'Snapchat': 'https://twitter.com/Sara_LatinaOF?t=fhEVN6xgg1G7FP', 'Instagram': 'https://www.instagram.com/saraislatina'}","{'Relationship status': 'Open', 'Interested in': 'Guys and Girls', 'City and Country': 'Buenos Aires, Argentina', 'Gender': 'Couple', 'Birth Place': 'Argentina', 'Height': '5\' 1"" (154cm)', 'Weight': '124lbs. (56kg)', 'Ethnicity': 'Latin', 'Hair Color': 'Brunette', 'Fake Boobs': 'No', 'Tattoos': 'Yes', 'Piercings': 'No', 'Interests and hobbie': 'Videogames, music, DJ, watching movies and hiking', 'Turn Ons': 'Like most everything lol', 'Turn Offs': 'Nothing', 'Video Views': '3,697,190', 'Profile Views': '1,851,113', 'Videos Watched': '1,125'}",,,[1287],,
58,Le Slicks,https://www.pornhub.com/model/le-slicks,1290,118,72400000,https://ei.phncdn.com/(m=bLazqgKlbyaT)(mh=ggZTK8vKYfnCJ8hg)8ac24463-7796-40b9-a800-b05e4fa18633.jpg,True,False,"About Le Slicks                                    

                                        Follow my other socials for future content.              
IG: leslicksofficial
TikTok: leslicks_ph
Twitter: leslicks_ph",NA,"{'Twitter': 'https://www.twitter.com/leslicks_ph', 'Instagram': 'https://www.instagram.com/leslicksofficial'}","{'Relationship status': 'Taken', 'Interested in': 'Girls', 'City and Country': 'paranaque, Philippines', 'Gender': 'Couple', 'Birth Place': 'Philippines', 'Measurements': '34-27-42', 'Height': '4\' 11"" (149cm)', 'Weight': '143lbs. (65kg)', 'Ethnicity': 'Asian', 'Hair Color': 'Grey', 'Fake Boobs': 'No', 'Tattoos': 'Yes', 'Piercings': 'Yes', 'Hometown': 'PARANAQUE', 'Video Views': '72,420,159', 'Profile Views': '19,456,915', 'Videos Watched': '1,703'}",,,[1301],,
